Umur (minggu),Perusahaan,Breeds,Konsumsi_(g/hari),Konsumsi_(g/minggu),Konsumsi/(BB^0.75)_(g/minggu),BB_(g/minggu),BB^0.75_(g/minggu),%_Ca,Konsumsi-Ca_(g/minggu),%_P-Ter.,Konsumsi_P-Tersedia_(g/minggu),%_P,Konsumsi_P_(g/minggu)
8,HG,BaB,50,350,67.82,709.5,137.47,1,0.68,0.42,0.28,0.7,0.47
9,HG,BaB,54,378,70.76,814.5,152.46,0.95,0.67,0.36,0.25,0.58,0.41
10,HG,BaB,58,406,73.76,918,166.78,0.95,0.7,0.36,0.27,0.58,0.43
11,HG,BaB,61,427,75.57,1019.5,180.42,0.95,0.72,0.36,0.27,0.58,0.44
12,HG,BaB,64,469,81.13,1117,193.21,0.95,0.77,0.36,0.29,0.58,0.47
13,HG,BaB,67,490,81.6,1211.5,216.56,0.95,0.78,0.36,0.29,0.58,0.47
14,HG,BaB,70,511,83.79,1300.5,226.85,0.95,0.8,0.36,0.3,0.58,0.49
15,HG,BaB,73,532,86.07,1383.5,236.13,0.95,0.82,0.36,0.31,0.58,0.5
16,HG,BaB,76,574,91.79,1459.5,244.58,0.95,0.87,0.36,0.33,0.58,0.53
17,HG,BaB,82,609,96.41,1529.5,252.03,2.05,1.98,0.42,0.4,0.65,0.63
18,HG,BaB,87,609,96.41,1592,252.03,2.05,1.98,0.42,0.4,0.65,0.63
19,HG,BaB,93,651,102.21,1646,258.42,2.05,2.1,0.42,0.43,0.65,0.66
20,HG,BaB,100,742,115.68,1693,263.93,2.05,2.37,0.42,0.49,0.65,0.75
21,HG,BaB,106,742,115.18,1722,267.32,2.05,2.36,0.42,0.48,0.65,0.75
22,HG,BaB,111,777,120.13,1750,270.57,2.05,2.46,0.42,0.5,0.65,0.78
23,HG,BaB,114,798,122.98,1773,273.23,2.05,2.52,0.42,0.52,0.65,0.8
24,HG,BaB,115,805,123.67,1795,275.77,2.05,2.54,0.42,0.52,0.65,0.8
25,HG,BaB,115,805,123.35,1814,277.96,2.05,2.53,0.42,0.52,0.65,0.8
26,HG,BaB,115,805,123.13,1827,279.45,2.05,2.52,0.42,0.52,0.65,0.8
27,HG,BaB,115,805,122.93,1839,280.83,2.05,2.52,0.42,0.52,0.65,0.8
28,HG,BaB,115,805,122.74,1850,282.08,2.05,2.52,0.42,0.52,0.65,0.8
29,HG,BaB,115,805,122.58,1860,283.23,2.05,2.51,0.42,0.51,0.65,0.8
30,HG,BaB,115,805,122.43,1869,284.25,2.05,2.51,0.42,0.51,0.65,0.8
31,HG,BaB,115,805,122.3,1877,285.17,2.05,2.51,0.42,0.51,0.65,0.79
32,HG,BaB,115,805,122.17,1885,286.08,2.05,2.5,0.42,0.51,0.65,0.79
33,HG,BaB,115,805,122.06,1892,286.87,2.05,2.5,0.42,0.51,0.65,0.79
34,HG,BaB,115,805,121.96,1898,287.56,2.05,2.5,0.42,0.51,0.65,0.79
35,HG,BaB,115,805,121.87,1904,288.24,2.05,2.5,0.42,0.51,0.65,0.79
8,HG,BaW,46,322,65.01,602,121.53,1,0.65,0.42,0.27,0.7,0.46
9,HG,BaW,49,343,67.02,686,134.04,0.95,0.64,0.36,0.24,0.58,0.39
10,HG,BaW,53,371,70.42,770.5,146.24,0.95,0.67,0.36,0.25,0.58,0.41
11,HG,BaW,56,392,72.5,854.5,158.05,0.95,0.69,0.36,0.26,0.58,0.42
12,HG,BaW,59,434,78.44,937,169.36,0.95,0.75,0.36,0.28,0.58,0.45
13,HG,BaW,62,455,79.1,1017.5,190.35,0.95,0.75,0.36,0.28,0.58,0.46
14,HG,BaW,65,476,81.4,1095,199.99,0.95,0.77,0.36,0.29,0.58,0.47
15,HG,BaW,68,497,83.75,1169.5,208.96,0.95,0.8,0.36,0.3,0.58,0.49
16,HG,BaW,71,518,86.18,1240,217.19,0.95,0.82,0.36,0.31,0.58,0.5
17,HG,BaW,74,546,89.81,1305.5,224.69,2.05,1.84,0.42,0.38,0.65,0.58
18,HG,BaW,78,546,89.81,1366,224.69,2.05,1.84,0.42,0.38,0.65,0.58
19,HG,BaW,86,602,98.07,1420,231.32,2.05,2.01,0.42,0.41,0.65,0.64
20,HG,BaW,92,693,111.96,1468,237.16,2.05,2.3,0.42,0.47,0.65,0.73
21,HG,BaW,99,693,111.28,1504,241.51,2.05,2.28,0.42,0.47,0.65,0.72
22,HG,BaW,105,735,117.29,1542,246.07,2.05,2.4,0.42,0.49,0.65,0.76
23,HG,BaW,108,756,120.18,1566,248.94,2.05,2.46,0.42,0.5,0.65,0.78
24,HG,BaW,110,770,122.13,1580,250.61,2.05,2.5,0.42,0.51,0.65,0.79
25,HG,BaW,110,770,121.86,1594,252.27,2.05,2.5,0.42,0.51,0.65,0.79
26,HG,BaW,111,777,122.72,1607,253.81,2.05,2.52,0.42,0.52,0.65,0.8
27,HG,BaW,111,777,122.49,1619,255.23,2.05,2.51,0.42,0.51,0.65,0.8
28,HG,BaW,111,777,122.27,1631,256.65,2.05,2.51,0.42,0.51,0.65,0.79
29,HG,BaW,112,784,123.18,1641,257.83,2.05,2.53,0.42,0.52,0.65,0.8
30,HG,BaW,112,784,122.99,1651,259.01,2.05,2.52,0.42,0.52,0.65,0.8
31,HG,BaW,112,784,122.83,1660,260.06,2.05,2.52,0.42,0.52,0.65,0.8
32,HG,BaW,112,784,122.68,1668,261,2.05,2.51,0.42,0.52,0.65,0.8
33,HG,BaW,113,791,123.63,1676,261.94,2.05,2.53,0.42,0.52,0.65,0.8
34,HG,BaW,113,791,123.5,1683,262.76,2.05,2.53,0.42,0.52,0.65,0.8
35,HG,BaW,113,791,123.37,1690,263.58,2.05,2.53,0.42,0.52,0.65,0.8
8,HG,BB,50,350,67.98,702.5,136.45,1,0.68,0.42,0.29,0.7,0.48
9,HG,BB,54,378,70.94,806,151.27,0.95,0.67,0.36,0.26,0.58,0.41
10,HG,BB,58,406,73.94,909,165.55,0.95,0.7,0.36,0.27,0.58,0.43
11,HG,BB,61,427,75.76,1009,179.03,0.95,0.72,0.36,0.27,0.58,0.44
12,HG,BB,64,469,81.32,1106.5,191.85,0.95,0.77,0.36,0.29,0.58,0.47
13,HG,BB,67,490,81.81,1199,214.87,0.95,0.78,0.36,0.29,0.58,0.47
14,HG,BB,70,511,84,1287,225.12,0.95,0.8,0.36,0.3,0.58,0.49
15,HG,BB,73,532,86.29,1369.5,234.37,0.95,0.82,0.36,0.31,0.58,0.5
16,HG,BB,76,567,90.9,1445,242.71,0.95,0.86,0.36,0.33,0.58,0.53
17,HG,BB,81,609,96.66,1514,250.13,2.05,1.98,0.42,0.41,0.65,0.63
18,HG,BB,87,609,96.66,1576,250.13,2.05,1.98,0.42,0.41,0.65,0.63
19,HG,BB,93,651,102.46,1630,256.53,2.05,2.1,0.42,0.43,0.65,0.67
20,HG,BB,100,742,115.97,1676,261.94,2.05,2.38,0.42,0.49,0.65,0.75
21,HG,BB,106,742,115.34,1713,266.27,2.05,2.36,0.42,0.48,0.65,0.75
22,HG,BB,110,770,119.05,1750,270.57,2.05,2.44,0.42,0.5,0.65,0.77
23,HG,BB,113,791,122,1767,272.54,2.05,2.5,0.42,0.51,0.65,0.79
24,HG,BB,114,798,122.82,1782,274.27,2.05,2.52,0.42,0.52,0.65,0.8
25,HG,BB,114,798,122.58,1796,275.89,2.05,2.51,0.42,0.51,0.65,0.8
26,HG,BB,114,798,122.36,1809,277.38,2.05,2.51,0.42,0.51,0.65,0.8
27,HG,BB,114,798,122.16,1821,278.76,2.05,2.5,0.42,0.51,0.65,0.79
28,HG,BB,114,798,121.99,1831,279.91,2.05,2.5,0.42,0.51,0.65,0.79
29,HG,BB,114,798,121.83,1841,281.05,2.05,2.5,0.42,0.51,0.65,0.79
30,HG,BB,114,798,121.68,1850,282.08,2.05,2.49,0.42,0.51,0.65,0.79
31,HG,BB,115,805,122.61,1858,283,2.05,2.51,0.42,0.51,0.65,0.8
32,HG,BB,115,805,122.48,1866,283.91,2.05,2.51,0.42,0.51,0.65,0.8
33,HG,BB,115,805,122.37,1873,284.71,2.05,2.51,0.42,0.51,0.65,0.8
34,HG,BB,115,805,122.27,1879,285.39,2.05,2.51,0.42,0.51,0.65,0.79
35,HG,BB,115,805,122.17,1885,286.08,2.05,2.5,0.42,0.51,0.65,0.79
8,HG,BBL,50,350,66.38,773,146.6,1,0.66,0.42,0.28,0.7,0.46
9,HG,BBL,54,378,69.26,887,162.53,0.95,0.66,0.36,0.25,0.58,0.4
10,HG,BBL,58,406,72.2,1000,177.83,0.95,0.69,0.36,0.26,0.58,0.42
11,HG,BBL,61,427,73.97,1110.5,192.37,0.95,0.7,0.36,0.27,0.58,0.43
12,HG,BBL,64,448,75.84,1217.5,206.11,0.95,0.72,0.36,0.27,0.58,0.44
13,HG,BBL,67,469,76.45,1320,230.89,0.95,0.73,0.36,0.28,0.58,0.44
14,HG,BBL,70,490,78.65,1416.5,241.81,0.95,0.75,0.36,0.28,0.58,0.46
15,HG,BBL,73,511,80.92,1506.5,251.85,0.95,0.77,0.36,0.29,0.58,0.47
16,HG,BBL,76,532,83.26,1590.5,260.83,0.95,0.79,0.36,0.3,0.58,0.48
17,HG,BBL,79,553,85.7,1666.5,268.71,2.05,1.76,0.42,0.36,0.65,0.56
18,HG,BBL,85,595,92.21,1734,268.71,2.05,1.89,0.42,0.39,0.65,0.6
19,HG,BBL,94,658,101.1,1794,275.66,2.05,2.07,0.42,0.42,0.65,0.66
20,HG,BBL,104,777,118.56,1845,281.51,2.05,2.43,0.42,0.5,0.65,0.77
21,HG,BBL,111,777,117.89,1887,286.3,2.05,2.42,0.42,0.5,0.65,0.77
22,HG,BBL,114,798,120.54,1921,290.17,2.05,2.47,0.42,0.51,0.65,0.78
23,HG,BBL,115,805,121.2,1946,292.99,2.05,2.48,0.42,0.51,0.65,0.79
24,HG,BBL,116,812,121.99,1963,294.91,2.05,2.5,0.42,0.51,0.65,0.79
25,HG,BBL,116,812,121.77,1977,296.49,2.05,2.5,0.42,0.51,0.65,0.79
26,HG,BBL,117,819,122.61,1991,298.06,2.05,2.51,0.42,0.51,0.65,0.8
27,HG,BBL,118,826,123.45,2004,299.52,2.05,2.53,0.42,0.52,0.65,0.8
28,HG,BBL,118,826,123.29,2015,300.75,2.05,2.53,0.42,0.52,0.65,0.8
29,HG,BBL,119,833,124.16,2026,301.98,2.05,2.55,0.42,0.52,0.65,0.81
30,HG,BBL,119,833,124.01,2036,303.1,2.05,2.54,0.42,0.52,0.65,0.81
31,HG,BBL,120,840,124.91,2045,304.1,2.05,2.56,0.42,0.52,0.65,0.81
32,HG,BBL,120,840,124.79,2053,304.99,2.05,2.56,0.42,0.52,0.65,0.81
33,HG,BBL,120,840,124.67,2061,305.89,2.05,2.56,0.42,0.52,0.65,0.81
34,HG,BBL,121,847,125.6,2068,306.66,2.05,2.57,0.42,0.53,0.65,0.82
35,HG,BBL,121,847,125.51,2074,307.33,2.05,2.57,0.42,0.53,0.65,0.82
8,HG,BW,42,294,59.73,587,119.26,1,0.6,0.42,0.25,0.7,0.42
9,HG,BW,47,329,64.69,669,131.54,0.95,0.61,0.36,0.23,0.58,0.38
10,HG,BW,51,357,68.18,751.5,143.53,0.95,0.65,0.36,0.25,0.58,0.4
11,HG,BW,54,378,70.36,833,155.05,0.95,0.67,0.36,0.25,0.58,0.41
12,HG,BW,57,399,72.57,914,166.23,0.95,0.69,0.36,0.26,0.58,0.42
13,HG,BW,60,420,74.83,992.5,176.83,0.95,0.71,0.36,0.27,0.58,0.43
14,HG,BW,62,434,75.9,1069,186.95,0.95,0.72,0.36,0.27,0.58,0.44
15,HG,BW,65,455,78.26,1142.5,196.51,0.95,0.74,0.36,0.28,0.58,0.45
16,HG,BW,68,476,80.68,1211.5,205.35,0.95,0.77,0.36,0.29,0.58,0.47
17,HG,BW,71,497,83.16,1276,213.5,2.05,1.7,0.42,0.35,0.65,0.54
18,HG,BW,77,539,89.16,1335.5,220.92,2.05,1.83,0.42,0.37,0.65,0.58
19,HG,BW,82,574,94.04,1388,227.4,2.05,1.93,0.42,0.39,0.65,0.61
20,HG,BW,89,665,108.05,1435,233.15,2.05,2.21,0.42,0.45,0.65,0.7
21,HG,BW,95,665,107.34,1473,237.77,2.05,2.2,0.42,0.45,0.65,0.7
22,HG,BW,101,707,113.55,1503,241.39,2.05,2.33,0.42,0.48,0.65,0.74
23,HG,BW,104,728,116.61,1519,243.31,2.05,2.39,0.42,0.49,0.65,0.76
24,HG,BW,105,735,117.42,1535,245.23,2.05,2.41,0.42,0.49,0.65,0.76
25,HG,BW,106,742,118.26,1550,247.03,2.05,2.42,0.42,0.5,0.65,0.77
26,HG,BW,106,742,117.99,1564,248.7,2.05,2.42,0.42,0.5,0.65,0.77
27,HG,BW,107,749,118.86,1577,250.25,2.05,2.44,0.42,0.5,0.65,0.77
28,HG,BW,107,749,118.63,1589,251.68,2.05,2.43,0.42,0.5,0.65,0.77
29,HG,BW,107,749,118.41,1601,253.1,2.05,2.43,0.42,0.5,0.65,0.77
30,HG,BW,108,756,119.33,1611,254.29,2.05,2.45,0.42,0.5,0.65,0.78
31,HG,BW,108,756,119.16,1620,255.35,2.05,2.44,0.42,0.5,0.65,0.77
32,HG,BW,108,756,119,1629,256.41,2.05,2.44,0.42,0.5,0.65,0.77
33,HG,BW,108,756,118.85,1637,257.36,2.05,2.44,0.42,0.5,0.65,0.77
34,HG,BW,109,763,119.81,1645,258.3,2.05,2.46,0.42,0.5,0.65,0.78
35,HG,BW,109,763,119.68,1652,259.12,2.05,2.45,0.42,0.5,0.65,0.78
8,HG,DB,50,350,67.98,702.5,136.45,1,0.68,0.42,0.29,0.7,0.48
9,HG,DB,52,364,68.32,806,151.27,0.95,0.65,0.36,0.25,0.58,0.4
10,HG,DB,58,406,73.94,909,165.55,0.95,0.7,0.36,0.27,0.58,0.43
11,HG,DB,61,427,75.76,1009,179.03,0.95,0.72,0.36,0.27,0.58,0.44
12,HG,DB,64,448,77.68,1106.5,191.85,0.95,0.74,0.36,0.28,0.58,0.45
13,HG,DB,67,469,79.7,1199,203.76,0.95,0.76,0.36,0.29,0.58,0.46
14,HG,DB,70,490,81.81,1287,214.87,0.95,0.78,0.36,0.29,0.58,0.47
15,HG,DB,73,511,84,1369.5,225.12,0.95,0.8,0.36,0.3,0.58,0.49
16,HG,DB,76,532,86.29,1445,234.37,0.95,0.82,0.36,0.31,0.58,0.5
17,HG,DB,80,560,89.78,1514,242.71,2.05,1.84,0.42,0.38,0.65,0.58
18,HG,DB,86,602,95.54,1576,250.13,2.05,1.96,0.42,0.4,0.65,0.62
19,HG,DB,92,644,101.35,1630,256.53,2.05,2.08,0.42,0.43,0.65,0.66
20,HG,DB,98,735,114.84,1678,262.18,2.05,2.35,0.42,0.48,0.65,0.75
21,HG,DB,105,735,114.25,1713,266.27,2.05,2.34,0.42,0.48,0.65,0.74
22,HG,DB,109,763,117.97,1750,270.57,2.05,2.42,0.42,0.5,0.65,0.77
23,HG,DB,112,784,120.92,1767,272.54,2.05,2.48,0.42,0.51,0.65,0.79
24,HG,DB,112,784,120.67,1782,274.27,2.05,2.47,0.42,0.51,0.65,0.78
25,HG,DB,113,791,121.51,1796,275.89,2.05,2.49,0.42,0.51,0.65,0.79
26,HG,DB,113,791,121.29,1809,277.38,2.05,2.49,0.42,0.51,0.65,0.79
27,HG,DB,113,791,121.09,1821,278.76,2.05,2.48,0.42,0.51,0.65,0.79
28,HG,DB,113,791,120.92,1831,279.91,2.05,2.48,0.42,0.51,0.65,0.79
29,HG,DB,113,791,120.76,1841,281.05,2.05,2.48,0.42,0.51,0.65,0.78
30,HG,DB,113,791,120.61,1850,282.08,2.05,2.47,0.42,0.51,0.65,0.78
31,HG,DB,113,791,120.48,1858,283,2.05,2.47,0.42,0.51,0.65,0.78
32,HG,DB,113,791,120.35,1866,283.91,2.05,2.47,0.42,0.51,0.65,0.78
33,HG,DB,113,791,120.24,1873,284.71,2.05,2.46,0.42,0.5,0.65,0.78
34,HG,DB,113,791,120.14,1879,285.39,2.05,2.46,0.42,0.5,0.65,0.78
35,HG,DB,113,791,120.05,1885,286.08,2.05,2.46,0.42,0.5,0.65,0.78
8,HG,DW,42,294,59.55,594,120.32,1,0.6,0.42,0.25,0.7,0.42
9,HG,DW,48,336,65.87,677,132.72,0.95,0.63,0.36,0.24,0.58,0.38
10,HG,DW,51,357,67.99,760,144.75,0.95,0.65,0.36,0.24,0.58,0.39
11,HG,DW,54,378,70.17,842,156.31,0.95,0.67,0.36,0.25,0.58,0.41
12,HG,DW,57,399,72.39,923,167.46,0.95,0.69,0.36,0.26,0.58,0.42
13,HG,DW,60,420,74.65,1002,178.09,0.95,0.71,0.36,0.27,0.58,0.43
14,HG,DW,63,441,76.95,1079,188.26,0.95,0.73,0.36,0.28,0.58,0.45
15,HG,DW,65,455,78.1,1152,197.74,0.95,0.74,0.36,0.28,0.58,0.45
16,HG,DW,68,476,80.52,1221.5,206.62,0.95,0.76,0.36,0.29,0.58,0.47
17,HG,DW,72,504,84.15,1287,214.87,2.05,1.73,0.42,0.35,0.65,0.55
18,HG,DW,77,539,89,1345.5,222.16,2.05,1.82,0.42,0.37,0.65,0.58
19,HG,DW,82,574,93.82,1401,229,2.05,1.92,0.42,0.39,0.65,0.61
20,HG,DW,89,672,108.9,1450,234.98,2.05,2.23,0.42,0.46,0.65,0.71
21,HG,DW,96,672,108.11,1493,240.18,2.05,2.22,0.42,0.45,0.65,0.7
22,HG,DW,102,714,114.18,1529,244.52,2.05,2.34,0.42,0.48,0.65,0.74
23,HG,DW,105,735,117.14,1550,247.03,2.05,2.4,0.42,0.49,0.65,0.76
24,HG,DW,106,742,117.93,1567,249.06,2.05,2.42,0.42,0.5,0.65,0.77
25,HG,DW,106,742,117.71,1579,250.49,2.05,2.41,0.42,0.49,0.65,0.77
26,HG,DW,107,749,118.59,1591,251.91,2.05,2.43,0.42,0.5,0.65,0.77
27,HG,DW,107,749,118.41,1601,253.1,2.05,2.43,0.42,0.5,0.65,0.77
28,HG,DW,107,749,118.22,1611,254.29,2.05,2.42,0.42,0.5,0.65,0.77
29,HG,DW,108,756,119.15,1621,255.47,2.05,2.44,0.42,0.5,0.65,0.77
30,HG,DW,108,756,118.98,1630,256.53,2.05,2.44,0.42,0.5,0.65,0.77
31,HG,DW,108,756,118.83,1638,257.48,2.05,2.44,0.42,0.5,0.65,0.77
32,HG,DW,108,756,118.69,1646,258.42,2.05,2.43,0.42,0.5,0.65,0.77
33,HG,DW,109,763,119.66,1653,259.24,2.05,2.45,0.42,0.5,0.65,0.78
34,HG,DW,109,763,119.55,1659,259.95,2.05,2.45,0.42,0.5,0.65,0.78
35,HG,DW,109,763,119.45,1665,260.65,2.05,2.45,0.42,0.5,0.65,0.78
8,HG,HB,50,350,67.98,702.5,136.45,1,0.68,0.42,0.29,0.7,0.48
9,HG,HB,52,364,68.32,806,151.27,0.95,0.65,0.36,0.25,0.58,0.4
10,HG,HB,58,406,73.94,909,165.55,0.95,0.7,0.36,0.27,0.58,0.43
11,HG,HB,61,427,75.76,1009,179.03,0.95,0.72,0.36,0.27,0.58,0.44
12,HG,HB,64,448,77.68,1106.5,191.85,0.95,0.74,0.36,0.28,0.58,0.45
13,HG,HB,67,469,79.7,1199,203.76,0.95,0.76,0.36,0.29,0.58,0.46
14,HG,HB,70,490,80.55,1369.5,225.12,0.95,0.77,0.36,0.29,0.58,0.47
15,HG,HB,73,511,82.88,1445,234.37,0.95,0.79,0.36,0.3,0.58,0.48
16,HG,HB,76,532,85.29,1514,242.71,0.95,0.81,0.36,0.31,0.58,0.49
17,HG,HB,79,553,87.77,1576,250.13,2.05,1.8,0.42,0.37,0.65,0.57
18,HG,HB,84,588,92.54,1630,256.53,2.05,1.9,0.42,0.39,0.65,0.6
19,HG,HB,93,651,101.74,1676,261.94,2.05,2.09,0.42,0.43,0.65,0.66
20,HG,HB,99,735,114.25,1713,266.27,2.05,2.34,0.42,0.48,0.65,0.74
21,HG,HB,105,735,113.64,1750,270.57,2.05,2.33,0.42,0.48,0.65,0.74
22,HG,HB,108,756,116.6,1767,272.54,2.05,2.39,0.42,0.49,0.65,0.76
23,HG,HB,111,777,119.59,1782,274.27,2.05,2.45,0.42,0.5,0.65,0.78
24,HG,HB,112,784,120.43,1796,275.89,2.05,2.47,0.42,0.51,0.65,0.78
25,HG,HB,113,791,121.29,1809,277.38,2.05,2.49,0.42,0.51,0.65,0.79
26,HG,HB,113,791,121.09,1821,278.76,2.05,2.48,0.42,0.51,0.65,0.79
27,HG,HB,113,791,120.92,1831,279.91,2.05,2.48,0.42,0.51,0.65,0.79
28,HG,HB,113,791,120.76,1841,281.05,2.05,2.48,0.42,0.51,0.65,0.78
29,HG,HB,113,791,120.61,1850,282.08,2.05,2.47,0.42,0.51,0.65,0.78
30,HG,HB,113,791,120.48,1858,283,2.05,2.47,0.42,0.51,0.65,0.78
31,HG,HB,113,791,120.35,1866,283.91,2.05,2.47,0.42,0.51,0.65,0.78
32,HG,HB,113,791,120.24,1873,284.71,2.05,2.46,0.42,0.5,0.65,0.78
33,HG,HB,113,791,120.14,1879,285.39,2.05,2.46,0.42,0.5,0.65,0.78
34,HG,HB,113,791,120.05,1885,286.08,2.05,2.46,0.42,0.5,0.65,0.78
35,HG,HB,113,791,119.95,1891,286.76,2.05,2.46,0.42,0.5,0.65,0.78
8,HG,HW,44,308,62.57,587,119.26,1,0.63,0.42,0.26,0.7,0.44
9,HG,HW,47,329,64.69,669,131.54,0.95,0.61,0.36,0.23,0.58,0.38
10,HG,HW,50,350,66.85,751.5,143.53,0.95,0.64,0.36,0.24,0.58,0.39
11,HG,HW,53,371,69.06,833,155.05,0.95,0.66,0.36,0.25,0.58,0.4
12,HG,HW,56,392,71.29,914,166.23,0.95,0.68,0.36,0.26,0.58,0.41
13,HG,HW,59,413,73.57,993,176.89,0.95,0.7,0.36,0.26,0.58,0.43
14,HG,HW,62,434,75.9,1069,186.95,0.95,0.72,0.36,0.27,0.58,0.44
15,HG,HW,65,455,78.26,1142.5,196.51,0.95,0.74,0.36,0.28,0.58,0.45
16,HG,HW,68,476,80.68,1211.5,205.35,0.95,0.77,0.36,0.29,0.58,0.47
17,HG,HW,71,497,83.16,1276,213.5,2.05,1.7,0.42,0.35,0.65,0.54
18,HG,HW,76,532,88,1335.5,220.92,2.05,1.8,0.42,0.37,0.65,0.57
19,HG,HW,82,574,94.04,1388,227.4,2.05,1.93,0.42,0.39,0.65,0.61
20,HG,HW,89,665,108.06,1434,233.03,2.05,2.22,0.42,0.45,0.65,0.7
21,HG,HW,95,665,107.34,1473,237.77,2.05,2.2,0.42,0.45,0.65,0.7
22,HG,HW,100,700,112.42,1503,241.39,2.05,2.3,0.42,0.47,0.65,0.73
23,HG,HW,104,728,116.59,1520,243.43,2.05,2.39,0.42,0.49,0.65,0.76
24,HG,HW,105,735,117.41,1536,245.35,2.05,2.41,0.42,0.49,0.65,0.76
25,HG,HW,105,735,117.12,1551,247.15,2.05,2.4,0.42,0.49,0.65,0.76
26,HG,HW,106,742,117.97,1565,248.82,2.05,2.42,0.42,0.5,0.65,0.77
27,HG,HW,106,742,117.75,1577,250.25,2.05,2.41,0.42,0.49,0.65,0.77
28,HG,HW,106,742,117.52,1589,251.68,2.05,2.41,0.42,0.49,0.65,0.76
29,HG,HW,107,749,118.43,1600,252.98,2.05,2.43,0.42,0.5,0.65,0.77
30,HG,HW,107,749,118.24,1610,254.17,2.05,2.42,0.42,0.5,0.65,0.77
31,HG,HW,107,749,118.06,1620,255.35,2.05,2.42,0.42,0.5,0.65,0.77
32,HG,HW,107,749,117.9,1629,256.41,2.05,2.42,0.42,0.5,0.65,0.77
33,HG,HW,108,756,118.85,1637,257.36,2.05,2.44,0.42,0.5,0.65,0.77
34,HG,HW,108,756,118.73,1644,258.18,2.05,2.43,0.42,0.5,0.65,0.77
35,HG,HW,108,756,118.6,1651,259.01,2.05,2.43,0.42,0.5,0.65,0.77
8,HG,IB,50,350,67.98,702.5,136.45,1,0.68,0.42,0.29,0.7,0.48
9,HG,IB,54,378,70.94,806,151.27,0.95,0.67,0.36,0.26,0.58,0.41
10,HG,IB,58,406,73.94,909,165.55,0.95,0.7,0.36,0.27,0.58,0.43
11,HG,IB,61,427,75.76,1009,179.03,0.95,0.72,0.36,0.27,0.58,0.44
12,HG,IB,64,448,77.68,1106.5,191.85,0.95,0.74,0.36,0.28,0.58,0.45
13,HG,IB,67,469,79.7,1199,203.76,0.95,0.76,0.36,0.29,0.58,0.46
14,HG,IB,70,490,81.81,1287,214.87,0.95,0.78,0.36,0.29,0.58,0.47
15,HG,IB,73,511,84,1369.5,225.12,0.95,0.8,0.36,0.3,0.58,0.49
16,HG,IB,76,532,86.29,1445,234.37,0.95,0.82,0.36,0.31,0.58,0.5
17,HG,IB,79,553,88.65,1514,242.71,2.05,1.82,0.42,0.37,0.65,0.58
18,HG,IB,84,588,93.32,1576,250.13,2.05,1.91,0.42,0.39,0.65,0.61
19,HG,IB,89,623,98.05,1630,256.53,2.05,2.01,0.42,0.41,0.65,0.64
20,HG,IB,97,728,114.57,1630,256.53,2.05,2.35,0.42,0.48,0.65,0.74
21,HG,IB,104,728,113.78,1676,261.94,2.05,2.33,0.42,0.48,0.65,0.74
22,HG,IB,110,770,119.69,1713,266.27,2.05,2.45,0.42,0.5,0.65,0.78
23,HG,IB,112,784,121.22,1750,270.57,2.05,2.48,0.42,0.51,0.65,0.79
24,HG,IB,112,784,120.92,1767,272.54,2.05,2.48,0.42,0.51,0.65,0.79
25,HG,IB,112,784,120.67,1782,274.27,2.05,2.47,0.42,0.51,0.65,0.78
26,HG,IB,112,784,120.43,1796,275.89,2.05,2.47,0.42,0.51,0.65,0.78
27,HG,IB,112,784,120.21,1809,277.38,2.05,2.46,0.42,0.5,0.65,0.78
28,HG,IB,112,784,120.02,1821,278.76,2.05,2.46,0.42,0.5,0.65,0.78
29,HG,IB,112,784,119.85,1831,279.91,2.05,2.46,0.42,0.5,0.65,0.78
30,HG,IB,112,784,119.69,1841,281.05,2.05,2.45,0.42,0.5,0.65,0.78
31,HG,IB,112,784,119.54,1850,282.08,2.05,2.45,0.42,0.5,0.65,0.78
32,HG,IB,112,784,119.41,1858,283,2.05,2.45,0.42,0.5,0.65,0.78
33,HG,IB,112,784,119.29,1866,283.91,2.05,2.45,0.42,0.5,0.65,0.78
34,HG,IB,112,784,119.17,1873,284.71,2.05,2.44,0.42,0.5,0.65,0.77
35,HG,IB,112,784,119.09,1878,285.28,2.05,2.44,0.42,0.5,0.65,0.77
8,HG,IW,49,343,69.25,602,121.53,1,0.69,0.42,0.29,0.7,0.48
9,HG,IW,53,371,72.49,686,134.04,0.95,0.69,0.36,0.26,0.58,0.42
10,HG,IW,56,392,74.42,770,146.17,0.95,0.71,0.36,0.27,0.58,0.43
11,HG,IW,59,413,76.41,853.5,157.91,0.95,0.73,0.36,0.28,0.58,0.44
12,HG,IW,62,434,78.45,936.5,169.29,0.95,0.75,0.36,0.28,0.58,0.46
13,HG,IW,65,455,80.58,1016.5,180.02,0.95,0.77,0.36,0.29,0.58,0.47
14,HG,IW,68,476,82.76,1094.5,190.29,0.95,0.79,0.36,0.3,0.58,0.48
15,HG,IW,71,497,85,1169,199.92,0.95,0.81,0.36,0.31,0.58,0.49
16,HG,IW,74,518,87.29,1240,208.96,0.95,0.83,0.36,0.31,0.58,0.51
17,HG,IW,78,546,90.82,1306.5,217.31,2.05,1.86,0.42,0.38,0.65,0.59
18,HG,IW,85,595,97.84,1367.5,224.88,2.05,2.01,0.42,0.41,0.65,0.64
19,HG,IW,93,651,105.99,1423,231.69,2.05,2.17,0.42,0.45,0.65,0.69
20,HG,IW,99,728,117.53,1472,237.65,2.05,2.41,0.42,0.49,0.65,0.76
21,HG,IW,104,728,116.71,1514,242.71,2.05,2.39,0.42,0.49,0.65,0.76
22,HG,IW,108,756,120.53,1548,246.79,2.05,2.47,0.42,0.51,0.65,0.78
23,HG,IW,110,770,122.36,1568,249.18,2.05,2.51,0.42,0.51,0.65,0.8
24,HG,IW,110,770,122,1587,251.44,2.05,2.5,0.42,0.51,0.65,0.79
25,HG,IW,111,777,122.85,1600,252.98,2.05,2.52,0.42,0.52,0.65,0.8
26,HG,IW,111,777,122.63,1612,254.4,2.05,2.51,0.42,0.52,0.65,0.8
27,HG,IW,111,777,122.42,1623,255.7,2.05,2.51,0.42,0.51,0.65,0.8
28,HG,IW,112,784,123.33,1633,256.89,2.05,2.53,0.42,0.52,0.65,0.8
29,HG,IW,112,784,123.14,1643,258.06,2.05,2.52,0.42,0.52,0.65,0.8
30,HG,IW,112,784,122.97,1652,259.12,2.05,2.52,0.42,0.52,0.65,0.8
31,HG,IW,113,791,123.9,1661,260.18,2.05,2.54,0.42,0.52,0.65,0.81
32,HG,IW,113,791,123.75,1669,261.12,2.05,2.54,0.42,0.52,0.65,0.8
33,HG,IW,113,791,123.63,1676,261.94,2.05,2.53,0.42,0.52,0.65,0.8
34,HG,IW,113,791,123.5,1683,262.76,2.05,2.53,0.42,0.52,0.65,0.8
35,HG,IW,113,791,123.39,1689,263.46,2.05,2.53,0.42,0.52,0.65,0.8
8,HG,SB,50,350,68.39,686,134.04,1,0.68,0.42,0.29,0.7,0.48
9,HG,SB,54,378,71.37,787,148.59,0.95,0.68,0.36,0.26,0.58,0.41
10,HG,SB,58,406,74.4,887,162.53,0.95,0.71,0.36,0.27,0.58,0.43
11,HG,SB,61,427,76.23,984.5,175.76,0.95,0.72,0.36,0.27,0.58,0.44
12,HG,SB,64,448,78.17,1079,188.26,0.95,0.74,0.36,0.28,0.58,0.45
13,HG,SB,67,469,80.21,1169,199.92,0.95,0.76,0.36,0.29,0.58,0.47
14,HG,SB,70,490,82.33,1254.5,210.79,0.95,0.78,0.36,0.3,0.58,0.48
15,HG,SB,73,511,84.55,1334.5,220.79,0.95,0.8,0.36,0.3,0.58,0.49
16,HG,SB,76,532,86.85,1408,229.85,0.95,0.83,0.36,0.31,0.58,0.5
17,HG,SB,79,553,89.23,1475,238.01,2.05,1.83,0.42,0.37,0.65,0.58
18,HG,SB,84,588,93.92,1536.5,245.41,2.05,1.93,0.42,0.39,0.65,0.61
19,HG,SB,89,623,99.52,1536,245.35,2.05,2.04,0.42,0.42,0.65,0.65
20,HG,SB,96,714,113.07,1590,251.8,2.05,2.32,0.42,0.47,0.65,0.73
21,HG,SB,102,714,112.23,1638,257.48,2.05,2.3,0.42,0.47,0.65,0.73
22,HG,SB,108,756,118.28,1669,261.12,2.05,2.42,0.42,0.5,0.65,0.77
23,HG,SB,111,777,121.01,1700,264.75,2.05,2.48,0.42,0.51,0.65,0.79
24,HG,SB,111,777,120.69,1718,266.85,2.05,2.47,0.42,0.51,0.65,0.78
25,HG,SB,111,777,120.41,1734,268.71,2.05,2.47,0.42,0.51,0.65,0.78
26,HG,SB,111,777,120.17,1748,270.34,2.05,2.46,0.42,0.5,0.65,0.78
27,HG,SB,111,777,119.93,1762,271.96,2.05,2.46,0.42,0.5,0.65,0.78
28,HG,SB,111,777,119.72,1774,273.35,2.05,2.45,0.42,0.5,0.65,0.78
29,HG,SB,111,777,119.54,1785,274.62,2.05,2.45,0.42,0.5,0.65,0.78
30,HG,SB,111,777,119.37,1795,275.77,2.05,2.45,0.42,0.5,0.65,0.78
31,HG,SB,111,777,119.22,1804,276.81,2.05,2.44,0.42,0.5,0.65,0.77
32,HG,SB,111,777,119.08,1813,277.84,2.05,2.44,0.42,0.5,0.65,0.77
33,HG,SB,111,777,118.96,1820,278.65,2.05,2.44,0.42,0.5,0.65,0.77
34,HG,SB,111,777,118.85,1827,279.45,2.05,2.44,0.42,0.5,0.65,0.77
35,HG,SB,111,777,118.73,1834,280.25,2.05,2.43,0.42,0.5,0.65,0.77
8,HG,SBL,50,350,66.38,773,146.6,1,0.66,0.42,0.28,0.7,0.46
9,HG,SBL,54,378,69.26,887,162.53,0.95,0.66,0.36,0.25,0.58,0.4
10,HG,SBL,58,406,72.2,1000,177.83,0.95,0.69,0.36,0.26,0.58,0.42
11,HG,SBL,61,427,73.97,1110.5,192.37,0.95,0.7,0.36,0.27,0.58,0.43
12,HG,SBL,64,448,75.84,1217.5,206.11,0.95,0.72,0.36,0.27,0.58,0.44
13,HG,SBL,67,469,77.81,1320,218.99,0.95,0.74,0.36,0.28,0.58,0.45
14,HG,SBL,70,490,79.87,1416.5,230.89,0.95,0.76,0.36,0.29,0.58,0.46
15,HG,SBL,73,511,82.02,1506.5,241.81,0.95,0.78,0.36,0.3,0.58,0.48
16,HG,SBL,76,532,84.24,1590.5,251.85,0.95,0.8,0.36,0.3,0.58,0.49
17,HG,SBL,79,553,86.55,1666.5,260.83,2.05,1.77,0.42,0.36,0.65,0.56
18,HG,SBL,85,595,92.21,1734,268.71,2.05,1.89,0.42,0.39,0.65,0.6
19,HG,SBL,94,658,101.1,1794,275.66,2.05,2.07,0.42,0.42,0.65,0.66
20,HG,SBL,104,777,118.56,1845,281.51,2.05,2.43,0.42,0.5,0.65,0.77
21,HG,SBL,111,777,117.89,1887,286.3,2.05,2.42,0.42,0.5,0.65,0.77
22,HG,SBL,112,784,118.42,1921,290.17,2.05,2.43,0.42,0.5,0.65,0.77
23,HG,SBL,113,791,119.09,1946,292.99,2.05,2.44,0.42,0.5,0.65,0.77
24,HG,SBL,114,798,119.89,1963,294.91,2.05,2.46,0.42,0.5,0.65,0.78
25,HG,SBL,115,805,120.72,1977,296.49,2.05,2.47,0.42,0.51,0.65,0.78
26,HG,SBL,115,805,120.51,1991,298.06,2.05,2.47,0.42,0.51,0.65,0.78
27,HG,SBL,116,812,121.36,2004,299.52,2.05,2.49,0.42,0.51,0.65,0.79
28,HG,SBL,116,812,121.2,2015,300.75,2.05,2.48,0.42,0.51,0.65,0.79
29,HG,SBL,117,819,122.07,2026,301.98,2.05,2.5,0.42,0.51,0.65,0.79
30,HG,SBL,117,819,121.92,2036,303.1,2.05,2.5,0.42,0.51,0.65,0.79
31,HG,SBL,118,826,122.83,2045,304.1,2.05,2.52,0.42,0.52,0.65,0.8
32,HG,SBL,118,826,122.71,2053,304.99,2.05,2.52,0.42,0.52,0.65,0.8
33,HG,SBL,118,826,122.59,2061,305.89,2.05,2.51,0.42,0.51,0.65,0.8
34,HG,SBL,119,833,123.53,2068,306.66,2.05,2.53,0.42,0.52,0.65,0.8
35,HG,SBL,119,833,123.44,2074,307.33,2.05,2.53,0.42,0.52,0.65,0.8
8,HG,SW,42,294,59.77,585.5,119.03,1,0.6,0.42,0.25,0.7,0.42
9,HG,SW,46,322,63.35,667.5,131.32,0.95,0.6,0.36,0.23,0.58,0.37
10,HG,SW,49,343,65.55,749.5,143.24,0.95,0.62,0.36,0.24,0.58,0.38
11,HG,SW,52,364,67.8,831,154.77,0.95,0.64,0.36,0.24,0.58,0.39
12,HG,SW,55,385,70.08,911,165.82,0.95,0.67,0.36,0.25,0.58,0.41
13,HG,SW,58,406,72.4,989,176.36,0.95,0.69,0.36,0.26,0.58,0.42
14,HG,SW,60,420,73.53,1064.5,186.36,0.95,0.7,0.36,0.26,0.58,0.43
15,HG,SW,63,441,75.94,1137.5,195.87,0.95,0.72,0.36,0.27,0.58,0.44
16,HG,SW,66,462,78.4,1206,204.65,0.95,0.74,0.36,0.28,0.58,0.45
17,HG,SW,69,483,80.91,1270,212.74,2.05,1.66,0.42,0.34,0.65,0.53
18,HG,SW,74,518,85.79,1329,220.11,2.05,1.76,0.42,0.36,0.65,0.56
19,HG,SW,80,560,91.83,1383,226.79,2.05,1.88,0.42,0.39,0.65,0.6
20,HG,SW,86,644,104.73,1430,232.54,2.05,2.15,0.42,0.44,0.65,0.68
21,HG,SW,92,644,103.99,1471,237.53,2.05,2.13,0.42,0.44,0.65,0.68
22,HG,SW,97,679,109.01,1505,241.63,2.05,2.23,0.42,0.46,0.65,0.71
23,HG,SW,101,707,113.14,1525,244.04,2.05,2.32,0.42,0.48,0.65,0.74
24,HG,SW,102,714,113.96,1541,245.95,2.05,2.34,0.42,0.48,0.65,0.74
25,HG,SW,102,714,113.7,1555,247.63,2.05,2.33,0.42,0.48,0.65,0.74
26,HG,SW,103,721,114.58,1568,249.18,2.05,2.35,0.42,0.48,0.65,0.74
27,HG,SW,103,721,114.36,1580,250.61,2.05,2.34,0.42,0.48,0.65,0.74
28,HG,SW,103,721,114.14,1592,252.03,2.05,2.34,0.42,0.48,0.65,0.74
29,HG,SW,104,728,115.07,1602,253.22,2.05,2.36,0.42,0.48,0.65,0.75
30,HG,SW,104,728,114.91,1611,254.29,2.05,2.36,0.42,0.48,0.65,0.75
31,HG,SW,104,728,114.64,1626,256.06,2.05,2.35,0.42,0.48,0.65,0.75
32,HG,SW,104,728,114.52,1633,256.89,2.05,2.35,0.42,0.48,0.65,0.74
33,HG,SW,105,735,115.52,1639,257.59,2.05,2.37,0.42,0.49,0.65,0.75
34,HG,SW,105,735,115.43,1644,258.18,2.05,2.37,0.42,0.48,0.65,0.75
35,HG,SW,105,735,115.43,1644,258.18,2.05,2.37,0.42,0.48,0.65,0.75
8,LTZ,LB-Classic,51,357,69.78,685,133.9,1,0.7,0.45,0.31,0.7,0.49
9,LTZ,LB-Classic,55,385,72.8,782,147.88,0.9,0.66,0.37,0.27,0.58,0.42
10,LTZ,LB-Classic,58,406,74.67,874,160.74,0.9,0.67,0.37,0.28,0.58,0.43
11,LTZ,LB-Classic,60,420,75.43,961,172.6,0.9,0.68,0.37,0.28,0.58,0.44
12,LTZ,LB-Classic,64,448,78.83,1043,183.53,0.9,0.71,0.37,0.29,0.58,0.46
13,LTZ,LB-Classic,65,455,78.6,1123,193.99,0.9,0.71,0.37,0.29,0.58,0.46
14,LTZ,LB-Classic,68,476,80.93,1197,203.5,0.9,0.73,0.37,0.3,0.58,0.47
15,LTZ,LB-Classic,70,490,82.18,1264,211.99,0.9,0.74,0.37,0.3,0.58,0.48
16,LTZ,LB-Classic,71,497,82.3,1330,220.24,0.9,0.74,0.37,0.3,0.58,0.48
17,LTZ,LB-Classic,72,504,82.39,1400,228.87,2,1.65,0.45,0.37,0.65,0.54
18,LTZ,LB-Classic,75,525,84.72,1475,238.01,2,1.69,0.45,0.38,0.65,0.55
19,LTZ,LB-Classic,81,567,90.29,1555,247.63,2,1.81,0.45,0.41,0.65,0.59
20,LTZ,LB-Classic,93,700,110,1640,257.71,2,2.2,0.45,0.49,0.65,0.71
21,LTZ,LB-Classic,100,700,108.84,1711,266.03,2,2.18,0.45,0.49,0.65,0.71
22,LTZ,LB-Classic,106,742,114.08,1790,275.19,2,2.28,0.45,0.51,0.65,0.74
23,LTZ,LB-Classic,110,770,117.73,1830,279.79,2,2.35,0.45,0.53,0.65,0.77
24,LTZ,LB-Classic,113,791,120.29,1870,284.37,2,2.41,0.45,0.54,0.65,0.78
25,LTZ,LB-Classic,114,798,121.11,1885,286.08,2,2.42,0.45,0.54,0.65,0.79
26,LTZ,LB-Classic,114,798,120.87,1900,287.78,2,2.42,0.45,0.54,0.65,0.79
27,LTZ,LB-Classic,114,798,120.79,1905,288.35,2,2.42,0.45,0.54,0.65,0.79
28,LTZ,LB-Classic,114,798,120.69,1911,289.03,2,2.41,0.45,0.54,0.65,0.78
29,LTZ,LB-Classic,114,798,120.63,1915,289.49,2,2.41,0.45,0.54,0.65,0.78
30,LTZ,LB-Classic,114,798,120.55,1920,290.05,2,2.41,0.45,0.54,0.65,0.78
31,LTZ,LB-Classic,114,798,120.51,1923,290.39,2,2.41,0.45,0.54,0.65,0.78
32,LTZ,LB-Classic,115,805,121.53,1925,290.62,2,2.43,0.45,0.55,0.65,0.79
33,LTZ,LB-Classic,115,805,121.48,1928,290.96,2,2.43,0.45,0.55,0.65,0.79
34,LTZ,LB-Classic,115,805,121.44,1931,291.3,2,2.43,0.45,0.55,0.65,0.79
35,LTZ,LB-Classic,115,805,121.41,1933,291.52,2,2.43,0.45,0.55,0.65,0.79
8,LTZ,LB-Lite,50,350,68.79,670,131.69,1,0.69,0.45,0.31,0.7,0.48
9,LTZ,LB-Lite,54,378,71.87,765,145.46,0.9,0.65,0.37,0.27,0.58,0.42
10,LTZ,LB-Lite,57,399,73.79,855,158.12,0.9,0.66,0.37,0.27,0.58,0.43
11,LTZ,LB-Lite,59,413,74.59,940,169.76,0.9,0.67,0.37,0.28,0.58,0.43
12,LTZ,LB-Lite,63,441,78.03,1020,180.49,0.9,0.7,0.37,0.29,0.58,0.45
13,LTZ,LB-Lite,64,448,77.83,1098,190.74,0.9,0.7,0.37,0.29,0.58,0.45
14,LTZ,LB-Lite,67,469,80.17,1171,200.18,0.9,0.72,0.37,0.3,0.58,0.47
15,LTZ,LB-Lite,69,483,81.46,1236,208.46,0.9,0.73,0.37,0.3,0.58,0.47
16,LTZ,LB-Lite,70,490,81.59,1301,216.62,0.9,0.73,0.37,0.3,0.58,0.47
17,LTZ,LB-Lite,71,497,81.71,1369,225.06,2,1.63,0.45,0.37,0.65,0.53
18,LTZ,LB-Lite,74,518,84.05,1443,234.13,2,1.68,0.45,0.38,0.65,0.55
19,LTZ,LB-Lite,80,560,89.67,1521,243.55,2,1.79,0.45,0.4,0.65,0.58
20,LTZ,LB-Lite,92,700,110.61,1604,253.46,2,2.21,0.45,0.5,0.65,0.72
21,LTZ,LB-Lite,100,700,109.45,1673,261.59,2,2.19,0.45,0.49,0.65,0.71
22,LTZ,LB-Lite,106,742,114.71,1751,270.69,2,2.29,0.45,0.52,0.65,0.75
23,LTZ,LB-Lite,110,770,118.38,1790,275.19,2,2.37,0.45,0.53,0.65,0.77
24,LTZ,LB-Lite,113,791,120.95,1829,279.68,2,2.42,0.45,0.54,0.65,0.79
25,LTZ,LB-Lite,114,798,121.78,1844,281.4,2,2.44,0.45,0.55,0.65,0.79
26,LTZ,LB-Lite,114,798,121.55,1858,283,2,2.43,0.45,0.55,0.65,0.79
27,LTZ,LB-Lite,114,798,121.46,1863,283.57,2,2.43,0.45,0.55,0.65,0.79
28,LTZ,LB-Lite,114,798,121.37,1869,284.25,2,2.43,0.45,0.55,0.65,0.79
29,LTZ,LB-Lite,114,798,121.3,1873,284.71,2,2.43,0.45,0.55,0.65,0.79
30,LTZ,LB-Lite,114,798,121.22,1878,285.28,2,2.42,0.45,0.55,0.65,0.79
31,LTZ,LB-Lite,114,798,121.17,1881,285.62,2,2.42,0.45,0.55,0.65,0.79
32,LTZ,LB-Lite,115,805,122.2,1883,285.85,2,2.44,0.45,0.55,0.65,0.79
33,LTZ,LB-Lite,115,805,122.15,1886,286.19,2,2.44,0.45,0.55,0.65,0.79
34,LTZ,LB-Lite,115,805,122.11,1889,286.53,2,2.44,0.45,0.55,0.65,0.79
35,LTZ,LB-Lite,115,805,122.07,1891,286.76,2,2.44,0.45,0.55,0.65,0.79
8,LTZ,L-Sandy,47,329,64.96,658,129.92,1,0.65,0.45,0.29,0.7,0.45
9,LTZ,L-Sandy,51,357,68.04,758,144.46,0.9,0.61,0.37,0.25,0.58,0.39
10,LTZ,L-Sandy,55,385,71.24,853,157.84,0.9,0.64,0.37,0.26,0.58,0.41
11,LTZ,L-Sandy,59,413,74.69,935,169.09,0.9,0.67,0.37,0.28,0.58,0.43
12,LTZ,L-Sandy,62,434,77,1009,179.03,0.9,0.69,0.37,0.28,0.58,0.45
13,LTZ,L-Sandy,65,455,79.52,1072,187.35,0.9,0.72,0.37,0.29,0.58,0.46
14,LTZ,L-Sandy,68,476,82.1,1130,194.9,0.9,0.74,0.37,0.3,0.58,0.48
15,LTZ,L-Sandy,71,497,84.74,1183,201.72,0.9,0.76,0.37,0.31,0.58,0.49
16,LTZ,L-Sandy,74,518,87.47,1230,207.7,0.9,0.79,0.37,0.32,0.58,0.51
17,LTZ,L-Sandy,77,539,90.11,1280,214,0.9,0.81,0.37,0.33,0.58,0.52
18,LTZ,L-Sandy,80,560,92.68,1333,220.61,2,1.85,0.45,0.42,0.65,0.6
19,LTZ,L-Sandy,84,588,96.23,1394,228.14,2,1.92,0.45,0.43,0.65,0.63
20,LTZ,L-Sandy,100,742,119.43,1490,239.82,2,2.39,0.45,0.54,0.65,0.78
21,LTZ,L-Sandy,106,742,118.22,1552,247.27,2,2.36,0.45,0.53,0.65,0.77
22,LTZ,L-Sandy,110,770,121.52,1612,254.4,2,2.43,0.45,0.55,0.65,0.79
23,LTZ,L-Sandy,113,791,123.87,1663,260.42,2,2.48,0.45,0.56,0.65,0.81
24,LTZ,L-Sandy,114,798,124.2,1704,265.22,2,2.48,0.45,0.56,0.65,0.81
25,LTZ,L-Sandy,114,798,123.59,1738,269.18,2,2.47,0.45,0.56,0.65,0.8
26,LTZ,L-Sandy,114,798,123.08,1767,272.54,2,2.46,0.45,0.55,0.65,0.8
27,LTZ,L-Sandy,114,798,122.67,1791,275.31,2,2.45,0.45,0.55,0.65,0.8
28,LTZ,L-Sandy,114,798,122.34,1810,277.5,2,2.45,0.45,0.55,0.65,0.8
29,LTZ,L-Sandy,114,798,122.11,1824,279.11,2,2.44,0.45,0.55,0.65,0.79
30,LTZ,L-Sandy,114,798,121.93,1835,280.37,2,2.44,0.45,0.55,0.65,0.79
31,LTZ,L-Sandy,115,805,122.89,1841,281.05,2,2.46,0.45,0.55,0.65,0.8
32,LTZ,L-Sandy,115,805,122.83,1845,281.51,2,2.46,0.45,0.55,0.65,0.8
33,LTZ,L-Sandy,115,805,122.78,1848,281.86,2,2.46,0.45,0.55,0.65,0.8
34,LTZ,L-Sandy,115,805,122.73,1851,282.2,2,2.45,0.45,0.55,0.65,0.8
35,LTZ,L-Sandy,105,735,112.01,1854,282.54,2,2.24,0.45,0.5,0.65,0.73
8,LTZ,L-Silver,52,364,71.02,690,134.63,1,0.71,0.45,0.32,0.7,0.5
9,LTZ,L-Silver,56,392,73.94,790,149.01,0.9,0.67,0.37,0.27,0.58,0.43
10,LTZ,L-Silver,60,420,76.9,890,162.95,0.9,0.69,0.37,0.28,0.58,0.45
11,LTZ,L-Silver,66,462,82.57,980,175.15,0.9,0.74,0.37,0.31,0.58,0.48
12,LTZ,L-Silver,69,483,84.35,1075,187.74,0.9,0.76,0.37,0.31,0.58,0.49
13,LTZ,L-Silver,72,504,86.36,1160,198.77,0.9,0.78,0.37,0.32,0.58,0.5
14,LTZ,L-Silver,75,525,88.47,1240,208.96,0.9,0.8,0.37,0.33,0.58,0.51
15,LTZ,L-Silver,78,546,90.84,1305,217.12,0.9,0.82,0.37,0.34,0.58,0.53
16,LTZ,L-Silver,81,567,93.11,1375,225.8,0.9,0.84,0.37,0.34,0.58,0.54
17,LTZ,L-Silver,85,595,96.51,1445,234.37,2,1.93,0.45,0.43,0.65,0.63
18,LTZ,L-Silver,89,623,99.78,1520,243.43,2,2,0.45,0.45,0.65,0.65
19,LTZ,L-Silver,100,700,110.68,1600,252.98,2,2.21,0.45,0.5,0.65,0.72
20,LTZ,L-Silver,106,770,120.27,1680,262.41,2,2.41,0.45,0.54,0.65,0.78
21,LTZ,L-Silver,110,770,119.05,1750,270.57,2,2.38,0.45,0.54,0.65,0.77
22,LTZ,L-Silver,113,791,120.35,1827,283.91,2,2.41,0.45,0.54,0.65,0.78
23,LTZ,L-Silver,114,798,120.79,1866,288.35,2,2.42,0.45,0.54,0.65,0.79
24,LTZ,L-Silver,114,798,120.55,1905,290.05,2,2.41,0.45,0.54,0.65,0.78
25,LTZ,L-Silver,114,798,120.55,1920,290.05,2,2.41,0.45,0.54,0.65,0.78
26,LTZ,L-Silver,114,798,120.32,1935,291.75,2,2.41,0.45,0.54,0.65,0.78
27,LTZ,L-Silver,114,798,120.24,1940,292.32,2,2.4,0.45,0.54,0.65,0.78
28,LTZ,L-Silver,114,798,120.16,1945,292.88,2,2.4,0.45,0.54,0.65,0.78
29,LTZ,L-Silver,114,798,120.09,1950,293.44,2,2.4,0.45,0.54,0.65,0.78
30,LTZ,L-Silver,115,805,121.06,1955,294.01,2,2.42,0.45,0.54,0.65,0.79
31,LTZ,L-Silver,115,805,121.02,1958,294.35,2,2.42,0.45,0.54,0.65,0.79
32,LTZ,L-Silver,115,805,120.97,1961,294.69,2,2.42,0.45,0.54,0.65,0.79
33,LTZ,L-Silver,115,805,120.92,1964,295.02,2,2.42,0.45,0.54,0.65,0.79
34,LTZ,L-Silver,105,735,110.37,1967,295.36,2,2.21,0.45,0.5,0.65,0.72
35,LTZ,L-Silver,105,735,110.32,1970,295.7,2,2.21,0.45,0.5,0.65,0.72
8,LTZ,LSL-Classic,45,315,63.03,624,124.85,1,0.63,0.45,0.28,0.7,0.44
9,LTZ,LSL-Classic,49,343,66.24,719,138.85,0.9,0.6,0.37,0.25,0.58,0.38
10,LTZ,LSL-Classic,53,371,69.56,809,151.69,0.9,0.63,0.37,0.26,0.58,0.4
11,LTZ,LSL-Classic,56,392,71.83,887,162.53,0.9,0.65,0.37,0.27,0.58,0.42
12,LTZ,LSL-Classic,60,420,75.51,957,172.06,0.9,0.68,0.37,0.28,0.58,0.44
13,LTZ,LSL-Classic,64,448,79.33,1017,180.09,0.9,0.71,0.37,0.29,0.58,0.46
14,LTZ,LSL-Classic,67,469,81.96,1072,187.35,0.9,0.74,0.37,0.3,0.58,0.48
15,LTZ,LSL-Classic,70,490,84.66,1122,193.86,0.9,0.76,0.37,0.31,0.58,0.49
16,LTZ,LSL-Classic,73,511,87.43,1167,199.67,0.9,0.79,0.37,0.32,0.58,0.51
17,LTZ,LSL-Classic,76,532,90.13,1214,205.67,0.9,0.81,0.37,0.33,0.58,0.52
18,LTZ,LSL-Classic,79,553,92.74,1264,211.99,2,1.85,0.45,0.42,0.65,0.6
19,LTZ,LSL-Classic,84,588,97.51,1322,219.24,2,1.95,0.45,0.44,0.65,0.63
20,LTZ,LSL-Classic,100,700,114.72,1386,227.16,2,2.29,0.45,0.52,0.65,0.75
21,LTZ,LSL-Classic,106,742,120.24,1450,234.98,2,2.4,0.45,0.54,0.65,0.78
22,LTZ,LSL-Classic,110,770,123.73,1500,241.03,2,2.47,0.45,0.56,0.65,0.8
23,LTZ,LSL-Classic,113,791,126.27,1540,245.83,2,2.53,0.45,0.57,0.65,0.82
24,LTZ,LSL-Classic,114,798,126.57,1580,250.61,2,2.53,0.45,0.57,0.65,0.82
25,LTZ,LSL-Classic,114,798,125.98,1610,254.17,2,2.52,0.45,0.57,0.65,0.82
26,LTZ,LSL-Classic,114,798,125.59,1630,256.53,2,2.51,0.45,0.57,0.65,0.82
27,LTZ,LSL-Classic,114,798,125.21,1650,258.89,2,2.5,0.45,0.56,0.65,0.81
28,LTZ,LSL-Classic,114,798,124.83,1670,261.24,2,2.5,0.45,0.56,0.65,0.81
29,LTZ,LSL-Classic,114,798,124.46,1690,263.58,2,2.49,0.45,0.56,0.65,0.81
30,LTZ,LSL-Classic,114,798,124.28,1700,264.75,2,2.49,0.45,0.56,0.65,0.81
31,LTZ,LSL-Classic,115,805,125.28,1705,265.33,2,2.51,0.45,0.56,0.65,0.81
32,LTZ,LSL-Classic,115,805,125.18,1710,265.92,2,2.5,0.45,0.56,0.65,0.81
33,LTZ,LSL-Classic,115,805,125.13,1713,266.27,2,2.5,0.45,0.56,0.65,0.81
34,LTZ,LSL-Classic,115,805,125.09,1715,266.5,2,2.5,0.45,0.56,0.65,0.81
35,LTZ,LSL-Classic,105,735,114.16,1718,266.85,2,2.28,0.45,0.51,0.65,0.74
8,LTZ,LSL-Extra,48,336,66.14,666,131.1,1,0.66,0.45,0.3,0.7,0.46
9,LTZ,LSL-Extra,52,364,69.17,767,145.75,0.9,0.62,0.37,0.26,0.58,0.4
10,LTZ,LSL-Extra,56,392,72.32,863,159.22,0.9,0.65,0.37,0.27,0.58,0.42
11,LTZ,LSL-Extra,60,420,75.73,946,170.58,0.9,0.68,0.37,0.28,0.58,0.44
12,LTZ,LSL-Extra,64,448,79.25,1021,180.62,0.9,0.71,0.37,0.29,0.58,0.46
13,LTZ,LSL-Extra,67,469,81.72,1085,189.05,0.9,0.74,0.37,0.3,0.58,0.47
14,LTZ,LSL-Extra,70,490,84.25,1144,196.71,0.9,0.76,0.37,0.31,0.58,0.49
15,LTZ,LSL-Extra,73,511,86.88,1197,203.5,0.9,0.78,0.37,0.32,0.58,0.5
16,LTZ,LSL-Extra,76,532,89.56,1245,209.59,0.9,0.81,0.37,0.33,0.58,0.52
17,LTZ,LSL-Extra,79,553,92.18,1295,215.87,0.9,0.83,0.37,0.34,0.58,0.53
18,LTZ,LSL-Extra,83,581,95.89,1348,222.47,2,1.92,0.45,0.43,0.65,0.62
19,LTZ,LSL-Extra,88,616,100.53,1410,230.1,2,2.01,0.45,0.45,0.65,0.65
20,LTZ,LSL-Extra,100,700,112.9,1478,238.37,2,2.26,0.45,0.51,0.65,0.73
21,LTZ,LSL-Extra,106,742,118.39,1543,246.19,2,2.37,0.45,0.53,0.65,0.77
22,LTZ,LSL-Extra,110,770,121.88,1593,252.15,2,2.44,0.45,0.55,0.65,0.79
23,LTZ,LSL-Extra,113,791,124.43,1633,256.89,2,2.49,0.45,0.56,0.65,0.81
24,LTZ,LSL-Extra,114,798,124.87,1668,261,2,2.5,0.45,0.56,0.65,0.81
25,LTZ,LSL-Extra,114,798,124.31,1698,264.52,2,2.49,0.45,0.56,0.65,0.81
26,LTZ,LSL-Extra,114,798,123.86,1723,267.43,2,2.48,0.45,0.56,0.65,0.81
27,LTZ,LSL-Extra,114,798,123.5,1743,269.76,2,2.47,0.45,0.56,0.65,0.8
28,LTZ,LSL-Extra,114,798,123.24,1758,271.5,2,2.46,0.45,0.55,0.65,0.8
29,LTZ,LSL-Extra,114,798,123.06,1768,272.65,2,2.46,0.45,0.55,0.65,0.8
30,LTZ,LSL-Extra,114,798,122.94,1775,273.46,2,2.46,0.45,0.55,0.65,0.8
31,LTZ,LSL-Extra,115,805,123.93,1780,274.04,2,2.48,0.45,0.56,0.65,0.81
32,LTZ,LSL-Extra,115,805,123.88,1783,274.39,2,2.48,0.45,0.56,0.65,0.81
33,LTZ,LSL-Extra,115,805,123.83,1786,274.73,2,2.48,0.45,0.56,0.65,0.8
34,LTZ,LSL-Extra,115,805,123.78,1789,275.08,2,2.48,0.45,0.56,0.65,0.8
35,LTZ,LSL-Extra,105,735,112.97,1792,275.43,2,2.26,0.45,0.51,0.65,0.73
8,LTZ,LSL-Lite,46,322,64.14,635,126.5,1,0.64,0.45,0.29,0.7,0.45
9,LTZ,LSL-Lite,49,343,65.88,735,141.16,0.9,0.59,0.37,0.24,0.58,0.38
10,LTZ,LSL-Lite,52,364,67.92,825,153.94,0.9,0.61,0.37,0.25,0.58,0.39
11,LTZ,LSL-Lite,55,385,70.41,894,163.49,0.9,0.63,0.37,0.26,0.58,0.41
12,LTZ,LSL-Lite,58,406,72.96,959,172.33,0.9,0.66,0.37,0.27,0.58,0.42
13,LTZ,LSL-Lite,61,427,75.5,1023,180.89,0.9,0.68,0.37,0.28,0.58,0.44
14,LTZ,LSL-Lite,64,448,78.08,1084,188.92,0.9,0.7,0.37,0.29,0.58,0.45
15,LTZ,LSL-Lite,67,469,80.66,1143,196.58,0.9,0.73,0.37,0.3,0.58,0.47
16,LTZ,LSL-Lite,71,497,84.44,1200,203.89,0.9,0.76,0.37,0.31,0.58,0.49
17,LTZ,LSL-Lite,75,525,88.21,1255,210.85,0.9,0.79,0.37,0.33,0.58,0.51
18,LTZ,LSL-Lite,79,553,91.99,1306,217.25,2,1.84,0.45,0.41,0.65,0.6
19,LTZ,LSL-Lite,83,581,95.74,1356,223.46,2,1.91,0.45,0.43,0.65,0.62
20,LTZ,LSL-Lite,100,700,114.33,1405,229.49,2,2.29,0.45,0.51,0.65,0.74
21,LTZ,LSL-Lite,106,742,120.2,1452,235.22,2,2.4,0.45,0.54,0.65,0.78
22,LTZ,LSL-Lite,110,770,123.79,1497,240.67,2,2.48,0.45,0.56,0.65,0.8
23,LTZ,LSL-Lite,113,791,126.31,1538,245.59,2,2.53,0.45,0.57,0.65,0.82
24,LTZ,LSL-Lite,114,798,126.67,1575,250.01,2,2.53,0.45,0.57,0.65,0.82
25,LTZ,LSL-Lite,114,798,126.02,1608,253.93,2,2.52,0.45,0.57,0.65,0.82
26,LTZ,LSL-Lite,114,798,125.63,1628,256.3,2,2.51,0.45,0.57,0.65,0.82
27,LTZ,LSL-Lite,114,798,125.42,1639,257.59,2,2.51,0.45,0.56,0.65,0.82
28,LTZ,LSL-Lite,114,798,125.3,1645,258.3,2,2.51,0.45,0.56,0.65,0.81
29,LTZ,LSL-Lite,114,798,125.23,1649,258.77,2,2.5,0.45,0.56,0.65,0.81
30,LTZ,LSL-Lite,114,798,125.19,1651,259.01,2,2.5,0.45,0.56,0.65,0.81
31,LTZ,LSL-Lite,115,805,126.25,1653,259.24,2,2.52,0.45,0.57,0.65,0.82
32,LTZ,LSL-Lite,115,805,126.21,1655,259.48,2,2.52,0.45,0.57,0.65,0.82
33,LTZ,LSL-Lite,115,805,126.17,1657,259.71,2,2.52,0.45,0.57,0.65,0.82
34,LTZ,LSL-Lite,115,805,126.15,1658,259.83,2,2.52,0.45,0.57,0.65,0.82
35,LTZ,LSL-Lite,105,735,115.15,1660,260.06,2,2.3,0.45,0.52,0.65,0.75
8,LTZ,LSL-Ultra-Lite,45,315,63.78,595,120.47,1,0.64,0.45,0.29,0.7,0.45
9,LTZ,LSL-Ultra-Lite,48,336,65.68,685,133.9,0.9,0.59,0.37,0.24,0.58,0.38
10,LTZ,LSL-Ultra-Lite,51,357,67.88,765,145.46,0.9,0.61,0.37,0.25,0.58,0.39
11,LTZ,LSL-Ultra-Lite,54,378,70.21,840,156.03,0.9,0.63,0.37,0.26,0.58,0.41
12,LTZ,LSL-Ultra-Lite,57,399,72.65,910,165.68,0.9,0.65,0.37,0.27,0.58,0.42
13,LTZ,LSL-Ultra-Lite,61,427,76.41,975,174.48,0.9,0.69,0.37,0.28,0.58,0.44
14,LTZ,LSL-Ultra-Lite,64,448,78.98,1035,182.48,0.9,0.71,0.37,0.29,0.58,0.46
15,LTZ,LSL-Ultra-Lite,67,469,81.62,1090,189.7,0.9,0.73,0.37,0.3,0.58,0.47
16,LTZ,LSL-Ultra-Lite,71,497,85.48,1143,196.58,0.9,0.77,0.37,0.32,0.58,0.5
17,LTZ,LSL-Ultra-Lite,75,525,89.14,1203,204.27,0.9,0.8,0.37,0.33,0.58,0.52
18,LTZ,LSL-Ultra-Lite,79,553,92.58,1273,213.12,2,1.85,0.45,0.42,0.65,0.6
19,LTZ,LSL-Ultra-Lite,83,581,96.06,1338,221.23,2,1.92,0.45,0.43,0.65,0.62
20,LTZ,LSL-Ultra-Lite,100,700,114.58,1393,228.01,2,2.29,0.45,0.52,0.65,0.74
21,LTZ,LSL-Ultra-Lite,106,742,120.49,1438,233.52,2,2.41,0.45,0.54,0.65,0.78
22,LTZ,LSL-Ultra-Lite,110,770,124.19,1478,238.37,2,2.48,0.45,0.56,0.65,0.81
23,LTZ,LSL-Ultra-Lite,113,791,126.83,1513,242.59,2,2.54,0.45,0.57,0.65,0.82
24,LTZ,LSL-Ultra-Lite,114,798,127.43,1538,245.59,2,2.55,0.45,0.57,0.65,0.83
25,LTZ,LSL-Ultra-Lite,114,798,127.02,1558,247.99,2,2.54,0.45,0.57,0.65,0.83
26,LTZ,LSL-Ultra-Lite,114,798,126.71,1573,249.77,2,2.53,0.45,0.57,0.65,4.55
27,LTZ,LSL-Ultra-Lite,114,798,126.51,1583,250.96,2,2.53,0.45,0.57,0.65,4.55
28,LTZ,LSL-Ultra-Lite,114,798,126.39,1589,251.68,2,2.53,0.45,0.57,0.65,4.55
29,LTZ,LSL-Ultra-Lite,114,798,126.35,1591,251.91,2,2.53,0.45,0.57,0.65,4.55
30,LTZ,LSL-Ultra-Lite,114,798,126.31,1593,252.15,2,2.53,0.45,0.57,0.65,4.55
31,LTZ,LSL-Ultra-Lite,115,805,127.38,1595,252.39,2,2.55,0.45,0.57,0.65,4.55
32,LTZ,LSL-Ultra-Lite,115,805,127.34,1597,252.63,2,2.55,0.45,0.57,0.65,4.55
33,LTZ,LSL-Ultra-Lite,115,805,127.26,1601,253.1,2,2.55,0.45,0.57,0.65,4.55
34,LTZ,LSL-Ultra-Lite,115,805,127.22,1603,253.34,2,2.54,0.45,0.57,0.65,4.55
35,LTZ,LSL-Ultra-Lite,105,735,116.14,1604,253.46,2,2.32,0.45,0.52,0.65,4.55
8,LTZ,LT,52,364,70.84,697,135.65,1,0.71,0.45,0.32,0.7,0.5
9,LTZ,LT,56,392,73.8,796,149.86,0.9,0.66,0.37,0.27,0.58,0.43
10,LTZ,LT,59,413,75.61,890,162.95,0.9,0.68,0.37,0.28,0.58,0.44
11,LTZ,LT,61,427,76.36,978,174.89,0.9,0.69,0.37,0.28,0.58,0.44
12,LTZ,LT,64,448,78.48,1062,186.03,0.9,0.71,0.37,0.29,0.58,0.46
13,LTZ,LT,66,462,79.46,1143,196.58,0.9,0.72,0.37,0.29,0.58,0.46
14,LTZ,LT,68,476,80.56,1219,206.3,0.9,0.73,0.37,0.3,0.58,0.47
15,LTZ,LT,69,483,80.64,1287,214.87,0.9,0.73,0.37,0.3,0.58,0.47
16,LTZ,LT,72,504,83.09,1354,223.21,0.9,0.75,0.37,0.31,0.58,0.48
17,LTZ,LT,74,518,84.29,1426,232.05,2,1.69,0.45,0.38,0.65,0.55
18,LTZ,LT,77,539,86.58,1502,241.27,2,1.73,0.45,0.39,0.65,0.56
19,LTZ,LT,83,581,92.11,1583,250.96,2,1.84,0.45,0.41,0.65,0.6
20,LTZ,LT,96,672,105.12,1670,261.24,2,2.1,0.45,0.47,0.65,0.68
21,LTZ,LT,100,700,108.35,1742,269.64,2,2.17,0.45,0.49,0.65,0.7
22,LTZ,LT,106,742,113.56,1823,278.99,2,2.27,0.45,0.51,0.65,0.74
23,LTZ,LT,110,770,117.12,1868,284.14,2,2.34,0.45,0.53,0.65,0.76
24,LTZ,LT,113,791,119.71,1906,288.46,2,2.39,0.45,0.54,0.65,0.78
25,LTZ,LT,114,798,120.52,1922,290.28,2,2.41,0.45,0.54,0.65,0.78
26,LTZ,LT,114,798,120.32,1935,291.75,2,2.41,0.45,0.54,0.65,0.78
27,LTZ,LT,114,798,120.24,1940,292.32,2,2.4,0.45,0.54,0.65,0.78
28,LTZ,LT,114,798,121.74,1846,281.63,2,2.43,0.45,0.55,0.65,0.79
29,LTZ,LT,114,798,120.07,1951,293.56,2,2.4,0.45,0.54,0.65,0.78
30,LTZ,LT,114,798,120.01,1955,294.01,2,2.4,0.45,0.54,0.65,0.78
31,LTZ,LT,114,798,119.96,1958,294.35,2,2.4,0.45,0.54,0.65,0.78
32,LTZ,LT,115,805,120.97,1961,294.69,2,2.42,0.45,0.54,0.65,0.79
33,LTZ,LT,115,805,120.92,1964,295.02,2,2.42,0.45,0.54,0.65,0.79
34,LTZ,LT,115,805,120.88,1967,295.36,2,2.42,0.45,0.54,0.65,0.79
35,LTZ,LT,115,805,120.83,1970,295.7,2,2.42,0.45,0.54,0.65,0.79
